Title,link
"‘Woman yelling at cat’ memes flood Internet, people drop creative versions",https://www.hindustantimes.com/it-s-viral/woman-yelling-at-cat-memes-flood-internet-people-drop-creative-versions/story-mtzCYh3DvaLRwRYfnh7c6N.html
Dog stuck in 40-foot-deep tank for 7 days rescued in Pune. Watch,https://www.hindustantimes.com/it-s-viral/dog-stuck-in-40-foot-deep-tank-for-7-days-rescued-in-pune-watch/story-2d5vYoLBchS40YNLWs7UXN.html
"Dolphin spotted in West Bengal canal, dies due to polluted water",https://www.hindustantimes.com/it-s-viral/dolphin-swims-in-west-bengal-canal-thousands-gather-to-see-it-watch/story-Cjtdsfdaco0RcuGolkTErI.html
"Meet Duo, the two-faced kitten with whom Internet fell in love. Watch",https://www.hindustantimes.com/it-s-viral/meet-duo-the-two-faced-kitten-with-whom-internet-fell-in-love-watch/story-8UBcvgvPLLfdDYiBMaR1LO.html
"Move over gulab jamun pizza, Kurkure milkshake is the latest fusion dish making Twitter angry",https://www.hindustantimes.com/it-s-viral/move-over-gulab-jamun-pizza-kurkure-milkshake-is-the-latest-fusion-dish-making-twitter-angry/story-UqWiOeH8BkidWuwk9rSyUN.html
"Leopard pounces on bikers, misses by inches. Heart-stopping video captured",https://www.hindustantimes.com/it-s-viral/leopard-pounces-on-bikers-misses-by-inches-heart-stopping-video-captured/story-bmT2k84jZ4lYdh3JDgUEWL.html
Delhi Pollution holiday is a thing. ‘Kids’ are writing essays about it,https://www.hindustantimes.com/it-s-viral/delhi-pollution-holiday-is-a-thing-kids-are-writing-essays-about-it/story-hxTkAo4SVh5SV8y4kjdlBJ.html
Aliens or baby owls? What do you see in this old video going viral,https://www.hindustantimes.com/it-s-viral/aliens-or-baby-owls-what-do-you-see-in-this-old-video-going-viral/story-PWofGeem2bYZefPoxdEuSN.html
Rs 1672 for 3 eggs! Netizens troll 5-star hotel for hefty price,https://www.hindustantimes.com/it-s-viral/rs-1672-for-3-eggs-netizens-troll-5-star-hotel-for-hefty-price/story-gUO5IGXl8mIuEdFzpOofeN.html
Boy battles 14-foot-long crocodile to save sister from its jaws,https://www.hindustantimes.com/it-s-viral/boy-battles-14-foot-long-crocodile-to-save-sister-from-its-jaws/story-bw617EE8TfuQJL9luApvGP.html
"Bollywood stars on TikTok: From Sunny Leone to Madhuri Dixit, B-town actors who’re rocking the platform",https://www.hindustantimes.com/it-s-viral/bollywood-stars-on-tiktok-from-madhuri-dixit-to-sunny-leone-b-town-actors-who-re-rocking-the-platform/story-0Erk5Hm316RQBYqzDaMGiO.html
Couple says ‘I do’ in hospital for a moving reason. Here’s the story behind this unique wedding,https://www.hindustantimes.com/lifestyle/couple-says-i-do-in-hospital-for-a-moving-reason-here-s-the-story-behind-this-unique-wedding/story-war48sJln8NjLKRghwF05O.html
Man takes canoe ride to collect moving expense he was previously denied,https://www.hindustantimes.com/it-s-viral/man-takes-canoe-ride-to-collect-moving-expense-he-was-previously-denied/story-KjLfdTLlsvsgKs7oiiBIXK.html
"Cat keeps on opening door to bust out fellow felines, reminds people of illusionist Harry Houdini",https://www.hindustantimes.com/it-s-viral/cat-keeps-on-opening-door-to-bust-out-fellow-felines-reminds-people-of-illusionist-harry-houdini/story-QICmfl1St0qKqAdsagKzaK.html
"Ranveer Singh recreates Kapil Dev’s iconic Natraj shot, sparks meme fest on Twitter",https://www.hindustantimes.com/it-s-viral/ranveer-singh-recreates-kapil-dev-s-iconic-natraj-shot-sparks-meme-fest-on-twitter/story-mlLKdJxNvzf7UXPp0fFvqL.html
"Man steals ice cream during news report, hilarious crime caught on camera",https://www.hindustantimes.com/it-s-viral/man-steals-ice-cream-during-news-report-hilarious-crime-caught-on-camera/story-A2JGKG2UqCD5vvUR26doyM.html
Bizarre yet beautiful ‘ice eggs’ wash up on beach. Seen the pics yet?,https://www.hindustantimes.com/it-s-viral/bizarre-yet-beautiful-ice-eggs-wash-up-on-beach-seen-the-pics-yet/story-S35IY1CugzDE8MqkE7VDQI.html
Dancing ferret makes netizens go aww. Watch viral TikTok video,https://www.hindustantimes.com/it-s-viral/dancing-ferret-makes-netizens-go-aww-watch-viral-tiktok-video/story-sCUwNtBVRRLBLj1BPEG1FM.html
Meet Narwhal: ‘Unicorn’ dog with extra tail on its head wins Internet over. Watch,https://www.hindustantimes.com/it-s-viral/meet-narwhal-unicorn-dog-with-extra-tail-on-its-head-wins-internet-over-watch/story-oWxPCQ8nE6EICuw2ucRpEK.html
Judge holds baby while his mom takes oath to become lawyer. Video warms people’s hearts,https://www.hindustantimes.com/it-s-viral/judge-holds-baby-while-his-mom-takes-oath-to-become-lawyer-video-warms-people-s-hearts/story-U6EfXeSeMVirqt2yrmMPCP.html
Children’s Day 2019: These videos of kids will remind you of your childhood,https://www.hindustantimes.com/it-s-viral/children-s-day-2019-these-videos-of-kids-will-remind-you-of-your-childhood/story-2VNDIeJ8pSj4Yl7DgQA9NL.html
"Man uses plump cat’s body double to dodge airline’s weight limit, sparks reactions",https://www.hindustantimes.com/it-s-viral/man-uses-plump-cat-s-body-double-to-dodge-airline-s-weight-limit-sparks-reactions/story-XsMCmMClkKy0u9Vlq5E72H.html
"Truck full of live fish topples in Kanpur, locals go into looting frenzy. Watch",https://www.hindustantimes.com/it-s-viral/truck-full-of-live-fish-topples-in-kanpur-locals-go-into-looting-frenzy-watch/story-LctLJA8SEhyZLWpjKzKyoM.html
"Shashi Tharoor drops a new word, you won’t need a dictionary for this one",https://www.hindustantimes.com/it-s-viral/shashi-tharoor-drops-a-new-word-you-won-t-need-a-dictionary-for-this-one/story-3OBmd4cz2d7oaWNEghzMoN.html
John Legend named ‘Sexiest Man Alive’ by People magazine. Chrissy Teigen had the best reaction,https://www.hindustantimes.com/it-s-viral/john-legend-named-sexiest-man-alive-by-people-magazine-chrissy-teigen-had-the-best-reaction/story-Zd2vSPciHP5MatJ54jXHYM.html
Man pulled over for speeding. His excuse ‘rushing home after cheating on wife’,https://www.hindustantimes.com/it-s-viral/man-pulled-over-for-speeding-his-excuse-rushing-home-after-cheating-on-wife/story-PSRAbD95SXL8zW8TrAuQdL.html
"18-year-old Coimbatore girl makes eco-friendly sanitary napkins, Twitter applauds",https://www.hindustantimes.com/it-s-viral/18-year-old-coimbatore-girl-makes-eco-friendly-sanitary-napkins-twitter-applauds/story-V70YRywfa2P7wLLvamGigI.html
Greta Thunberg’s 60 ft tall mural unveiled at San Francisco,https://www.hindustantimes.com/it-s-viral/greta-thunberg-s-60-ft-tall-mural-unveiled-at-san-francisco/story-vQMuvqdQOkKSCtOak83iKM.html
"Prank gone wrong: Bengaluru YouTubers dress up as ghosts to scare people, get arrested. Watch",https://www.hindustantimes.com/it-s-viral/prank-gone-wrong-bengaluru-men-dress-up-as-ghosts-to-scare-people-get-arrested/story-bY9sShFusUiLh05TggUqbN.html
This spicy and earthy flavoured gin is infused with a special ingredient ...elephant dung,https://www.hindustantimes.com/it-s-viral/this-spicy-and-earthy-flavoured-gin-is-infused-with-a-special-ingredient-elephant-dung/story-XUYmEhoLnvkoqNs691BeJL.html
Rare tiny mouse deer clicked for first time in 30 years. See pics,https://www.hindustantimes.com/it-s-viral/rare-tiny-mouse-deer-clicked-for-first-time-in-30-years-see-pics/story-jA7MNIVAb3moRAgvVAZ1FO.html
World’s most expensive wrist watch auctioned for a whopping $31 million,https://www.hindustantimes.com/it-s-viral/world-s-most-expensive-wrist-watch-auctioned-for-a-whopping-31-million/story-LUHqdcvaUy3UzXYacn9rRK.html
Netizens enraged with NYPD officers for arresting women selling food in subway,https://www.hindustantimes.com/it-s-viral/netizens-enraged-with-nypd-officers-for-arresting-women-selling-food-in-subway/story-XgZeY1wOxlyebw2Ob5M53J.html
Woman shares cringeworthy selfie of passenger’s feet on her headrest,https://www.hindustantimes.com/it-s-viral/woman-shares-cringeworthy-selfie-of-passenger-s-feet-on-her-headrest/story-5r4p1L2fqm5P9pn35DReNK.html
"Assam cops hold babies while their mothers take exam, win Twitter",https://www.hindustantimes.com/it-s-viral/heartening-pic-shows-assam-police-personnel-holding-babies-while-their-mothers-write-exam-wins-twitter/story-LyRKtQRiSyaohweAPNCIKO.html
Smart elephant plucks jackfruit from tree like a pro. Watch,https://www.hindustantimes.com/it-s-viral/smart-elephant-plucks-jackfruit-from-tree-like-a-pro-watch/story-tpKF3r2pNQPjIMiK7V980I.html
Scientist names newly discovered spider species after Sachin Tendulkar,https://www.hindustantimes.com/it-s-viral/scientist-names-newly-discovered-spider-species-after-sachin-tendulkar/story-ldCHdXHvy30iIHHD1VgcAM.html
He threw a message in a bottle at Massachusetts beach. 9 years later it was found in France,https://www.hindustantimes.com/it-s-viral/he-threw-a-message-in-a-bottle-at-massachusetts-beach-9-years-later-it-was-found-in-france/story-hHCuO5MOdQb4cxbod1wG8I.html
Upside down waterfall leaves Internet impressed. Watch,https://www.hindustantimes.com/it-s-viral/upside-down-waterfall-leaves-internet-impressed-watch/story-bM4xfv17iC6FPOTvuQaPYI.html
Looking to brighten your Monday? Watching these playful pandas may help,https://www.hindustantimes.com/it-s-viral/looking-to-brighten-your-monday-watching-these-playful-pandas-may-help/story-9NIbW5fz3CUSG59F0W5d7J.html
Doctor singing to calm baby is the Internet’s new favourite video. Watch ,https://www.hindustantimes.com/it-s-viral/doctor-singing-to-calm-baby-is-the-internet-s-new-favourite-video-watch/story-JJqAsDQVn8bY8BNhdnnZUI.html
Michigan man uses battle axe he calls ‘my baby’ to fend off intruder,https://www.hindustantimes.com/it-s-viral/michigan-man-uses-battle-axe-he-calls-my-baby-to-fend-off-intruder/story-JVSN0QGysELrKCZUTcStnO.html
This flying robot can climb walls and clean glass,https://www.hindustantimes.com/it-s-viral/this-flying-robot-can-climb-walls-and-clean-glass/story-1jwcjwgQ3MLAwvq5RG3gcK.html
University invites students to lie down in a grave to deal with stress,https://www.hindustantimes.com/it-s-viral/university-invites-students-to-lie-down-in-a-grave-to-deal-with-stress/story-eNn0Cnhfdb8bxDW5zgsAKM.html
"Video of ‘mini cheetah’ robots playing football scares many, amuses some",https://www.hindustantimes.com/it-s-viral/video-of-mini-cheetah-robots-playing-soccer-scares-many-amuses-some/story-2z4iqqgdvdEx3lcc2PFNYO.html
"Woman teaches her dog to ‘speak,’ videos show how",https://www.hindustantimes.com/it-s-viral/woman-teaches-her-dog-to-speak-videos-show-how/story-qfn1uSaruOJpXL3MuNYljM.html
Cheetah snuggles and plays with its ‘best friend’... a dog. Videos win over people,https://www.hindustantimes.com/it-s-viral/cheetah-snuggles-and-plays-with-its-best-friend-a-dog-videos-win-over-people/story-uVFfojvoYA2HOZyisyBZ3L.html
Fish with ‘human-like’ face spotted in China. Viral video creeps people out,https://www.hindustantimes.com/it-s-viral/fish-with-human-like-face-spotted-in-china-viral-video-creeps-people-out/story-s0DauPdmcvsYfDgbA92MWP.html
"‘Fearless’ goat who befriended a Tiger dies, tributes flood Twitter",https://www.hindustantimes.com/it-s-viral/fearless-goat-who-befriended-a-tiger-dies-people-pay-tribute-online/story-GBnMUf7aHbUrCl33kFCCWP.html
"Gulab jamun pizza pic goes viral, sparks online debate. Which side are you on?",https://www.hindustantimes.com/it-s-viral/gulab-jamun-pizza-pic-goes-viral-sparks-online-debate-which-side-are-you-on/story-OJrHp10Eyk0PZ1dNCmLRUJ.html
Video of people singing Shabad Kirtan on Great Wall of China wins Twitter,https://www.hindustantimes.com/it-s-viral/video-of-people-singing-shabad-kirtan-on-great-wall-of-china-wins-people/story-kIVfJp30DLG7896y20PmQP.html
Man bought 1.2 kg crab at a record-breaking price. Can you guess how much he paid?,https://www.hindustantimes.com/it-s-viral/man-bought-1-2-kg-crab-at-a-record-breaking-price-can-you-guess-how-much/story-OFhxGUkVDocyxQ7WUL4UVO.html
Sachin Tendulkar shares Chandannagar’s Jagadhatri Puja installation paying tribute to Indian Air Force,https://www.hindustantimes.com/it-s-viral/sachin-tendulkar-shares-chandannagar-s-jagadhatri-puja-installation-paying-tribute-to-indian-air-force/story-axeKGjWuNZXnDuk66KqLFM.html
"Woman sings from her apartment window at night, this is how her neighbours react. Watch",https://www.hindustantimes.com/it-s-viral/woman-sings-from-her-apartment-window-at-night-this-is-how-her-neighbours-react-watch/story-GvYNMOhGP0h6NOGD2ZbR5K.html
‘Hero’ cat saves 1-year-old baby from falling down the stairs. Video goes viral,https://www.hindustantimes.com/it-s-viral/hero-cat-saves-1-year-old-baby-from-falling-down-the-stairs-video-goes-viral/story-KNEEqd62SbpyrgoVECxgeK.html
Fisherman reels in extremely unusual catch... a live deer,https://www.hindustantimes.com/it-s-viral/fisherman-reels-in-extremely-unusual-catch-a-live-deer/story-0Qhras5o42Nj9fPHxDghLM.html
"Beluga whale plays wonderful game of ‘fetch’, Twitter calls it life goals",https://www.hindustantimes.com/it-s-viral/beluga-whale-plays-wonderful-game-of-fetch-twitter-calls-it-life-goals/story-SRavWi48NL3NU3kLVfbTiL.html
"Majestic tiger family filmed drinking water together, videos amazes Twitter",https://www.hindustantimes.com/it-s-viral/majestic-tiger-family-filmed-drinking-water-at-pench-tiger-reserve-watch/story-qh2yBgJzoBfeBBbc43WjbI.html
"‘Yamraj’ stops people from trespassing on train tracks, creates awareness",https://www.hindustantimes.com/it-s-viral/yamraj-stops-people-from-trespassing-on-train-tracks-creates-awareness/story-qIW5EGrQxxktZak5r4Eo1N.html
Orangutan gets ‘personhood’ title. Settles in new Florida home,https://www.hindustantimes.com/it-s-viral/orangutan-gets-personhood-title-settles-in-new-florida-home/story-8qC4vlxWejJYIGjbAh0TlN.html
University accepts sandwich as payment for parking tickets. Here’s why,https://www.hindustantimes.com/it-s-viral/university-accepts-sandwich-as-payment-for-parking-tickets-here-s-why/story-Gbm3F2VY138zfGXkxmrNAK.html
"Man feels pain in ear, finds large cockroach living inside. That’s not the worst part",https://www.hindustantimes.com/it-s-viral/man-feels-pain-in-ear-finds-large-cockroach-living-inside-that-s-not-the-worst-part/story-CP5d8OyDPu263l7zKgQ7LM.html
Stray cow regularly visits shop in Andhra Pradesh and does this. Watch,https://www.hindustantimes.com/it-s-viral/stray-cow-regularly-visits-shop-in-andhra-pradesh-and-does-this-watch/story-ixaVEZ3qbQrOPvVAd1ug3H.html
"Man bought burger in 1995, 20-year-later still looks ‘fresh.’ Would you eat it?",https://www.hindustantimes.com/it-s-viral/man-bought-burger-in-1995-20-year-later-still-looks-fresh-would-you-eat-it/story-unMWWGIdJvSZpoetq85x6H.html
"Ranveer Singh posts ‘what is mobile number,’ Nagpur Police dishes out witty reply. Wins Twitter",https://www.hindustantimes.com/it-s-viral/ranveer-singh-posts-what-is-mobile-number-nagpur-police-dishes-out-witty-reply-wins-twitter/story-M9OiVfSEP5MUdYI7RX7RoM.html
"Snapchat’s spider filter intrigues people, including Kylie Jenner",https://www.hindustantimes.com/it-s-viral/snapchat-s-spider-filter-intrigues-people-including-kylie-jenner/story-4EGZqq1RK0Ess0elOomfJO.html
Elephant tries to sit on a moving car. Heart-stopping incident captured,https://www.hindustantimes.com/it-s-viral/elephant-tries-to-sit-on-a-moving-car-heart-stopping-incident-captured/story-is4ONb1eIxrPHE1MCtQbCM.html
"15,000-year-old human-built traps found. Here’s what they were used for",https://www.hindustantimes.com/it-s-viral/15-000-year-old-human-built-traps-found-here-s-what-they-were-used-for/story-C7H7tqm8YdPxDfBLRVmSKL.html
"Gold toilet studded with over 40,000 diamonds stuns people. Can you guess its worth?",https://www.hindustantimes.com/it-s-viral/gold-toilet-studded-with-over-40-000-diamonds-stuns-people-can-you-guess-its-worth/story-0x8F7PJIDGdVGHLeN3S7QN.html
UP cop plays snake charmer’s flute to rescue snake,https://www.hindustantimes.com/it-s-viral/up-cop-plays-snake-charmer-s-flute-to-rescue-snake/story-a5yeUWydOtw3htzRGycSrI.html
Doctors perform special ‘constipation dance’ and it’s hilarious. Watch,https://www.hindustantimes.com/it-s-viral/doctors-perform-special-constipation-dance-and-it-s-hilarious-watch/story-ar3SdK9WnWkdYlufC1XfnJ.html
"Man puts his feet on the backrest of seat in front, netizens are disgusted",https://www.hindustantimes.com/it-s-viral/man-puts-his-feet-on-the-backrest-of-seat-in-front-netizens-are-disgusted/story-6bPEAD7wmvIHiOLGGiGTHP.html
Woman’s pics of her kissing strangers at iconic places are crazy viral,https://www.hindustantimes.com/it-s-viral/woman-s-pics-of-her-kissing-strangers-at-iconic-places-are-crazy-viral/story-CPpteahzGhPqmZfomWScAP.html
"Fishermen shocked to find unlikely animal in ocean, rush to its rescue",https://www.hindustantimes.com/it-s-viral/fishermen-shocked-to-find-unlikely-animal-in-ocean-rush-to-its-rescue/story-YAWgvkXs4B5dQUQeqXnSNM.html
She was walking strangely. A search led officers to find gold bars in her shoes,https://www.hindustantimes.com/it-s-viral/she-was-walking-strangely-a-search-led-officers-to-find-gold-in-her-shoes/story-YsMYdhn2pPA1YSiWZQ0l4K.html
"Abandoned pup turns out to be this, surprises rescuers",https://www.hindustantimes.com/it-s-viral/abandoned-pup-turns-out-to-be-this-surprises-rescuers/story-id41urFDnG2342K0SmETpJ.html
"Ghaziabad district magistrate fines himself, staff. Here’s why",https://www.hindustantimes.com/it-s-viral/ghaziabad-district-magistrate-fines-himself-staff-here-s-why/story-KDVhxsomf2NCaFjX2KgY6K.html
Man fell on tracks as train approached. Watch his rescue in the nick of time,https://www.hindustantimes.com/it-s-viral/man-fell-on-tracks-as-train-approached-watch-his-rescue-in-the-nick-of-time/story-Qelf7AAi2P0KR8273tczrI.html
Dad’s adorable ‘talk’ with daughter over jacket is viral. Watch,https://www.hindustantimes.com/it-s-viral/dad-s-adorable-talk-with-daughter-over-jacket-is-viral-watch/story-QyHlgyJLol8u3ywJ8CEuNN.html
"Smart elephant breaks electric fence like it’s no big deal, wins Twitter. Watch",https://www.hindustantimes.com/it-s-viral/smart-elephant-breaks-electric-fence-like-it-s-no-big-deal-wins-twitter-watch/story-WeA2SzUnVfaTDURDJDKOYK.html
Gorilla uses sign language to tell onlookers this. Watch jaw dropping video,https://www.hindustantimes.com/it-s-viral/gorilla-uses-sign-language-to-tell-onlookers-this-watch-jaw-dropping-video/story-Hbwy1kZxtm19D9M8PDdezH.html
"Fake alert! Delhi schools to be shut till November 5, not 8, clears Manish Sisodia",https://www.hindustantimes.com/it-s-viral/fake-alert-delhi-schools-to-be-shut-till-november-5-not-8-clears-manish-sisodiya/story-he7iXLSJ3gCtdPuFeos7LL.html
Shikhar Dhawan shares adorable video of Rohit Sharma’s daughter. Watch,https://www.hindustantimes.com/it-s-viral/shikhar-dhawan-shares-adorable-video-of-rohit-sharma-s-daughter-watch/story-pMGJfGdaEfb30honfveLKI.html
Only math lovers can understand this tweet. Are you one of them?,https://www.hindustantimes.com/it-s-viral/only-math-lovers-can-understand-this-tweet-are-you-one-of-them/story-SY7UgrU5ioSH1DdI9HghwO.html
Man starts Twitter thread on ‘homemade pasta’ to woo Tinder match. Did he succeed?,https://www.hindustantimes.com/it-s-viral/man-starts-twitter-thread-on-homemade-pasta-to-woo-tinder-match-did-he-succeed/story-gJahY3gGM2JeTupAT5xRFN.html
These ‘dating app for’ posts are flooding Twitter. Seen them yet?,https://www.hindustantimes.com/it-s-viral/these-dating-app-for-posts-are-flooding-twitter-seen-them-yet/story-yc50bZSgMDFH1zk7Wcz8lN.html
"University professor brings soft toys to class every week, reason makes Twitter emotional. Watch",https://www.hindustantimes.com/it-s-viral/university-professor-brings-soft-toys-to-class-every-week-reason-makes-twitter-emotional-watch/story-C0hukvPzPusWDr4HOUCNuI.html
Kid’s selfless act on Halloween wins the Internet. Watch what he did,https://www.hindustantimes.com/it-s-viral/kid-s-selfless-act-on-halloween-wins-the-internet-watch-what-he-did/story-ewcEO3P7qAW6f9JjN9rMvN.html
Kaun Banega Crorepati’s question related to Rahul Gandhi attracts tweet from Tejasvi Surya. Here’s why,https://www.hindustantimes.com/it-s-viral/kaun-banega-crorepati-s-question-related-to-rahul-gandhi-attracts-tweet-from-tejasvi-surya-here-s-why/story-qGyUorwBsymRjSy048Hr5L.html
"Fugitive asks cops to add costume to his pic, they oblige. Then he does this",https://www.hindustantimes.com/it-s-viral/fugitive-asks-cops-to-add-costume-to-his-pic-they-oblige-then-he-does-this/story-u8gI19j8ZN6l5eetXXhb1L.html
"Shashi Tharoor, Harsh Goenka take a dig at Delhi’s poor air quality on Twitter",https://www.hindustantimes.com/it-s-viral/shashi-tharoor-harsh-goenka-take-a-dig-at-delhi-s-poor-air-quality-on-twitter/story-eCFFkzyn5AVOPg2rlhRGrO.html
Adorable video of baby pangolin with its mother is a perfect Saturday treat for you,https://www.hindustantimes.com/it-s-viral/video-of-baby-pangolin-with-its-mother-is-a-perfect-saturday-treat-for-you/story-aWw1e84Zlkdb3LpVAw8pgP.html
People flag off ‘No Shave November’ challenge on Twitter with hilarious memes,https://www.hindustantimes.com/it-s-viral/people-flag-off-no-shave-november-challenge-on-twitter-with-hilarious-memes/story-6qAMEptwA4iWkbQ9dJGVTM.html
Hyderabad earns the UNESCO title of ‘Creative City of Gastronomy’ for its rich culinary heritage,https://www.hindustantimes.com/it-s-viral/hyderabad-earns-the-unesco-title-of-creative-city-of-gastronomy-for-its-rich-culinary-heritage/story-cnW6DR1UFtaj8In9rtlY6M.html
"White House homecoming for ‘hero’ dog who took part in Baghdadi raid, tweets Donald Trump",https://www.hindustantimes.com/it-s-viral/white-house-homecoming-for-hero-dog-who-took-part-in-baghdadi-raid-tweets-donald-trump/story-nMOoGCEqTg0GlYL35kFwYL.html
"Woman fakes baby bump to skip excess baggage fees, gets caught",https://www.hindustantimes.com/lifestyle/woman-fakes-baby-bump-to-skip-excess-baggage-fees-gets-caught/story-689oxVonez1AOBjAvxS1iN.html
"Dog gets hit by car, rides inside its bumper for 45 minutes",https://www.hindustantimes.com/it-s-viral/dog-gets-hit-by-car-rides-inside-its-bumper-for-45-minutes/story-w7PhAFJIxnx6UKKDkL3wdO.html
Woman busy on mobile falls onto tracks in front of train. Heart-stopping video captured,https://www.hindustantimes.com/it-s-viral/woman-busy-on-mobile-falls-onto-tracks-in-front-of-train-heart-stopping-video-captured/story-r0nZ1e8WnWhYyDe1FDRhaK.html
‘Real life’ scary Halloween story goes viral. It’ll send a chill down your spine,https://www.hindustantimes.com/it-s-viral/real-life-scary-halloween-story-goes-viral-it-ll-send-a-chill-down-your-spine/story-a0fBIWaWOOPDY2enMbAEeM.html
"Mumbai’s municipal corporation starts ‘Pothole Challenge 2019,’ offers Rs 500 as reward. There’s a catch",https://www.hindustantimes.com/it-s-viral/mumbai-s-municipal-corporation-starts-pothole-challenge-2019-offers-rs-500-as-reward-there-s-a-catch/story-Fj2YnD2aMvB2VoCAKVSCrL.html
Thousands are live-streaming the decay of a decade-old McDonald’s burger. No kidding,https://www.hindustantimes.com/it-s-viral/thousands-are-live-streaming-the-decay-of-a-decade-old-mcdonald-s-burger-no-kidding/story-EHIjn7gRKaVWZXsKdn1Z5H.html
"Kaun Banega Crorepati 11 gets cat as ‘contestant,’ Amitabh Bachchan tweets pics",https://www.hindustantimes.com/it-s-viral/kaun-banega-crorepati-11-gets-cat-as-contestant-amitabh-bachchan-tweets-pics/story-Jx6NOFwPn7AgUXxvQmLY9M.html
"Dog starts new ‘job’ at state’s attorney’s office, reason gets people’s appreciation",https://www.hindustantimes.com/it-s-viral/labrador-sworn-into-state-s-attorney-s-office-in-chicago/story-3CrPEerasxhETddAijD6cI.html
Hong Kong’s candyman charms kids with toys made of candy,https://www.hindustantimes.com/it-s-viral/hong-kong-s-candyman-charms-kids-with-toys-made-of-candy/story-WswQ56ksC3JlzUU2WSEOgN.html
"‘Make me CM,’ Beed farmer asks Governor as Maharashtra deals with BJP-Sena differences",https://www.hindustantimes.com/it-s-viral/make-me-cm-beed-farmer-asks-governor-as-maharashtra-deals-with-bjp-sena-differences/story-LIJDmkfTDzoNzadLm4dzPK.html
"Airport authority seizes ‘gun’ from passenger’s bag, turns out to be this",https://www.hindustantimes.com/it-s-viral/airport-authority-seizes-gun-from-passenger-s-bag-turns-out-to-be-this/story-SiYosBTz3J1Jeh9v9icylL.html
Spotted in Ludhiana: A bike that doubles as a car. What would you name it?,https://www.hindustantimes.com/it-s-viral/spotted-in-ludhiana-a-bike-that-doubles-as-a-car-what-would-you-name-it/story-wd62euhPLuA5uDY2fvIblL.html
‘Life before’ memes are taking the Internet by storm. Here are the best ones,https://www.hindustantimes.com/it-s-viral/life-before-memes-are-taking-the-internet-by-storm-here-are-the-best-ones/story-NbO7dL9RYMqPKJFg6IdPkI.html
"Cafe dyes dogs to look like pandas, goes viral. Not everyone’s happy",https://www.hindustantimes.com/it-s-viral/cafe-dyes-dogs-to-look-like-pandas-goes-viral-not-everyone-s-happy/story-pnXGy6c5mTAOeHxZ4zzBaN.html
"Goats become firefighters, help save library from wildfire. Here’s how",https://www.hindustantimes.com/it-s-viral/goats-become-firefighters-help-save-library-from-wildfire-here-s-how/story-TUVvCcpZloaQN0XteRzomO.html
Man reconstructs plane for parties in backyard,https://www.hindustantimes.com/it-s-viral/man-reconstructs-plane-for-parties-in-backyard/story-CuWMN5crm2Sx6zklPxmjmI.html
"Tiger roams dangerously close to car during safari, forces it to reverse. Watch",https://www.hindustantimes.com/it-s-viral/tiger-roams-dangerously-close-to-car-during-safari-forces-it-to-reverse-watch/story-UjYMUwkTP8dwBHL7D2QlyH.html
‘Switch on Challenge’ sets social media abuzz. Here’s what it’s all about,https://www.hindustantimes.com/it-s-viral/switch-on-challenge-sets-social-media-abuzz-here-s-what-it-s-all-about/story-wF8F20vlrWgsraTlKxLSDL.html
Donald Trump hands out Halloween candy by placing it on kid’s head. Awkward moment goes viral,https://www.hindustantimes.com/it-s-viral/donald-trump-hands-out-halloween-candy-by-placing-it-on-kid-s-head-awkward-moment-goes-viral/story-g3XmZnqpkwCeORbevimMTK.html
"Man steals lemur from California zoo, gets prison sentence",https://www.hindustantimes.com/it-s-viral/man-steals-lemur-from-california-zoo-gets-prison-sentence/story-igRNPJZtNqYfINnlhs9DAI.html
‘Journey for Tigers: Couple goes on motorbike campaign for tiger conservation,https://www.hindustantimes.com/it-s-viral/journey-for-tigers-couple-goes-on-motorbike-campaign-for-tiger-conservation/story-0Rr0RTLzSoAXj6QxwPSKuM.html
Tiktok turns purple with this new challenge. Watch,https://www.hindustantimes.com/it-s-viral/tiktok-turns-purple-with-this-new-challenge-watch/story-s1zn1SpJZF7fi2GPToIvHI.html
Man searching for slippers is the new catch for meme makers,https://www.hindustantimes.com/it-s-viral/man-searching-for-slippers-is-the-new-catch-for-meme-makers/story-KEFM5nyfLnh51DkCq7giLL.html
Staircase showed in ‘Joker’ becomes New York hotspot,https://www.hindustantimes.com/it-s-viral/staircase-showed-in-joker-becomes-new-york-hotspot/story-2yl2ZNJsYqt293yrERr4cL.html
Man’s unique style of lighting rockets creates big dhamaka on Twitter,https://www.hindustantimes.com/it-s-viral/man-s-unique-style-of-lighting-rockets-creates-big-dhamaka-on-twitter/story-mqJJWa8YhQNChbEIiyyZtK.html
"Men save puppy stuck in canal, video earns Twitter’s praise. Watch",https://www.hindustantimes.com/it-s-viral/men-save-puppy-stuck-in-canal-video-earns-twitter-s-praise-watch/story-OKrDqRHsNGegXYOJZS5TAJ.html
Alert RPF personnel saves passenger from falling off moving train. Watch,https://www.hindustantimes.com/it-s-viral/alert-rpf-personnel-saves-passenger-from-falling-off-moving-train-watch/story-SYr6ZIaXLCgXJF4BtfBgWL.html
Harsh Goenka shares clip of ‘chadar’ roti that’ll put rumali rotis to shame,https://www.hindustantimes.com/it-s-viral/harsh-goenka-shares-clip-of-chadar-roti-that-ll-put-rumali-rotis-to-shame/story-HtoFsZgtv1wMrzRftYgItJ.html
Smriti Irani’s post on Diwali mithai and diet leaves people in splits,https://www.hindustantimes.com/it-s-viral/diwali-2019-smriti-irani-s-post-on-diwali-mithai-and-diet-leaves-people-in-splits/story-pG26ygLSlvNMdKGcu76swL.html
"Cops pop in for drink at eatery, end up stopping knife-wielding masked robber. Heroic act captured",https://www.hindustantimes.com/it-s-viral/cops-pop-in-for-drink-at-eatery-end-up-stopping-knife-wielding-masked-robber-heroic-act-captured/story-3bzFqqJ9OPYuz37D8C4HmK.html
"Uttar Pradesh woman alleges husband didn’t give her eggs to eat, runs away from marriage",https://www.hindustantimes.com/it-s-viral/uttar-pradesh-woman-alleges-husband-didn-t-give-her-eggs-to-eat-runs-away-from-marriage/story-p2cjFNHtjFNAVIthgSrcRP.html
Video of dog driving a bike with two pillion riders goes viral. Watch,https://www.hindustantimes.com/it-s-viral/video-of-dog-driving-a-bike-with-two-pillion-riders-goes-viral-watch/story-l8o52XoT3EI8Lqp7L9vvPI.html
"US Embassy in India gets into Diwali groove, ‘American divas’ shake a leg on Dilbar. Watch",https://www.hindustantimes.com/it-s-viral/diwali-2019-us-embassy-in-india-gets-into-festive-groove-american-divas-shake-a-leg-on-dilbar-watch/story-a2TVszkBXHMbOhcxjvmVTL.html
"Lady Gaga posts ‘fame is prison,’ Twitter in tizzy. Sparks hilarious reactions",https://www.hindustantimes.com/it-s-viral/lady-gaga-posts-fame-is-prison-twitter-in-tizzy-sparks-hilarious-reactions/story-yKJ0JkQ3AfqYdNQijV7USK.html
Kiren Rijiju’s rope climbing video amuses people. Impresses Olympic medallist Carmelita Jeter,https://www.hindustantimes.com/it-s-viral/kiren-rijiju-s-rope-climbing-video-amuses-people-impresses-olympic-medallist-carmelita-jeter/story-ITsI0jLgsufalm61OTIwjJ.html
Clever toad mimics venomous snake for this reason. Scientists say it’s the ‘first frog to do so’,https://www.hindustantimes.com/it-s-viral/clever-toad-mimics-venomous-snake-for-this-reason-scientists-say-it-s-the-first-frog-to-do-so/story-yYuLFMqUG2GLY0C4XdOWNJ.html
"Tech firm wants to ‘licence’ people’s face, willing to pay over Rs 90 lakh. ‘Bad sci-fi plot,’ cautions Twitter",https://www.hindustantimes.com/it-s-viral/tech-firm-wants-to-borrow-people-s-face-willing-to-pay-over-rs-90-lakh-bad-sci-fi-plot-cautions-twitter/story-GAbWJ965D5TYbpXkwnG4CO.html
Florida welcomes world’s first guitar-shaped hotel. It’s worth $1.5 billion,https://www.hindustantimes.com/it-s-viral/florida-welcomes-world-s-first-guitar-shaped-hotel-it-s-worth-1-5-billion/story-msRq7oFA8sUzS18HsvUZBL.html
"Parking spot sold for a whopping $969,000 in Hong Kong. Know why",https://www.hindustantimes.com/it-s-viral/parking-spot-sold-for-a-whopping-969-000-in-hong-kong-know-why/story-iWfSzPuFy9SS77F0IwMX7H.html
"Amitabh Bachchan retweets kid’s lip-syncing video, says ‘kya baat hai’",https://www.hindustantimes.com/it-s-viral/amitabh-bachchan-retweets-kid-s-lip-syncing-video-says-kya-baat-hai/story-ZgruPwSqEmf6Pb9qJ44EsO.html
Diwali ki safai memes are flooding Internet and they’re absolutely relatable,https://www.hindustantimes.com/it-s-viral/diwali-2019-diwali-ki-safai-memes-are-flooding-internet-and-they-re-absolutely-relatable/story-wPIGh3tZd997RJFRt020uK.html
Diwali 2019: This year celebrate the festival by eating ‘crackers’ instead of bursting them,https://www.hindustantimes.com/it-s-viral/diwali-2019-this-year-celebrate-the-festival-by-eating-crackers-instead-of-bursting-them/story-MV4NLjZ1Q1MQCn0do68lRL.html
Heart-stopping clip shows car crashing into another. It ended up saving a couple’s lives,https://www.hindustantimes.com/it-s-viral/heart-stopping-clip-shows-car-crashing-into-another-it-ended-up-saving-a-couple-s-lives/story-eMLrPrNut7rs7UfF8GMMaN.html
Mahendra Singh Dhoni washes car with his daughter Ziva. Adorable video wows people,https://www.hindustantimes.com/it-s-viral/mahendra-singh-dhoni-washes-car-with-his-daughter-ziva-adorable-video-wows-people/story-ArCX11D7C4RPZnJwVxH4VM.html
"Volocopter, the futuristic flying taxis successfully takes a flight. Watch",https://www.hindustantimes.com/it-s-viral/volocopter-the-futuristic-flying-taxis-successfully-takes-a-flight-watch/story-5GeqPUf1YKJcHvIxjLnYlK.html
Harbhajan Singh or Jasprit Bumrah? Girl’s bowling clip sparks Twitter debate,https://www.hindustantimes.com/it-s-viral/harbhajan-singh-or-jasprit-bumrah-girl-s-bowling-clip-sparks-twitter-debate/story-Dni5LLelb6BtW4bVipc70J.html
"From whale to snake, images of animals getting CAT scan intrigue Twitter",https://www.hindustantimes.com/it-s-viral/from-whale-to-snake-images-of-animals-getting-cat-scan-intrigue-twitter/story-HJQkzIASeQMsBNfsQWnUjK.html
"Diwali 2019: ‘Rulayega kya,’ tweets Virender Sehwag about this heartwarming diwali ad",https://www.hindustantimes.com/it-s-viral/diwali-2019-rulayega-kya-tweets-virender-sehwag-about-this-heartwarming-diwali-ad/story-nvtBxa43kugG7XoI2okWhO.html
"Café dyes dogs to make them look like pandas, angers people",https://www.hindustantimes.com/it-s-viral/cafe-dyes-dogs-to-make-them-look-like-pandas-angers-twitter/story-7NJAMCoVEvF25XRFp21kkJ.html
"Policewoman helps another woman give birth while riding in taxi, hailed as hero",https://www.hindustantimes.com/it-s-viral/policewoman-helps-another-woman-give-birth-while-riding-in-taxi-hailed-as-hero/story-vReOph1x9oIGNn4TWEidIN.html
Two-headed snake breaks into farmer’s yard. Video of the ‘fantastic’ reptile captured,https://www.hindustantimes.com/it-s-viral/two-headed-snake-breaks-into-farmer-s-yard-video-of-the-fantastic-reptile-captured/story-LBZ1GfCLSph4qoqjdBcsSK.html
Rabindranath Tagore has a dinosaur named after him. Did you know?,https://www.hindustantimes.com/it-s-viral/rabindranath-tagore-has-a-dinosaur-named-after-him-did-you-know/story-qYmqVLeked6vgBehYt6DMN.html
"Elephants play football in Karnataka, video captured. Twitter loves it",https://www.hindustantimes.com/it-s-viral/elephants-play-football-in-karnataka-video-captured-twitter-loves-it/story-E75KNav7PwFl1qJRSjLm5L.html
"Bull eats 40 gms worth gold ornaments, family is waiting for it to ... poop. Twitter calls it ‘orna-vorous’",https://www.hindustantimes.com/it-s-viral/bull-eats-40-gms-worth-gold-ornaments-family-is-waiting-for-it-to-poop/story-cNESLYLBa0Piyj2omkVrRJ.html
"Hero cats wake up Italian couple, save them from landslide",https://www.hindustantimes.com/it-s-viral/italian-couple-saved-from-landslide-by-their-cats/story-gh18QzOVVihst1vVZk8b7L.html
Common Mynah protects her baby against crows. Mother’s love wows Twitter,https://www.hindustantimes.com/it-s-viral/common-mynah-protects-her-baby-against-crows-mother-s-love-wows-twitterati/story-dCrMuuQNUGkBnENqDmta5H.html
Anand Mahindra wants to gift car to man who left job to take his mom on pilgrimage,https://www.hindustantimes.com/it-s-viral/anand-mahindra-wants-to-gift-car-to-man-who-left-job-to-take-his-mom-on-pilgrimage/story-gz2si93vOFwfFeGcm1bNpO.html
Nearly 3 million views for this mesmerising pomegranate peeling hack. Watch,https://www.hindustantimes.com/it-s-viral/nearly-3-million-views-for-this-mesmerising-pomegranate-peeling-hack-watch/story-L3YZXhjJ1pxDrNF0c6cXLK.html
"‘Artificial leaf’ can produce gas from sunlight, could be an alternative to petrol in future",https://www.hindustantimes.com/it-s-viral/artificial-leaf-can-produce-gas-from-sunlight-could-be-an-alternative-to-petrol-in-future/story-4TMqS3VPxqtM84kodkNeFJ.html
"Smriti Irani meets 93-year-old man who never fails to vote, calls him ‘an inspiration’",https://www.hindustantimes.com/it-s-viral/smriti-irani-meets-93-year-old-man-who-never-fails-to-vote-calls-him-an-inspiration/story-uQpQSxEDTzp40kt1NFAB2H.html
Lebanese protesters sing Baby Shark to calm scared kid. Heartwarming video captured,https://www.hindustantimes.com/it-s-viral/lebanese-protesters-sing-baby-shark-to-calm-scared-kid-heartwarming-video-captured/story-jtxBCRnsFiY9PB8IP96qbI.html
There’s a snake hidden in this image. Can you spot it at first glance?,https://www.hindustantimes.com/it-s-viral/there-s-a-snake-hidden-in-this-image-can-you-spot-it-at-first-glance/story-KQqWBUXnZ9uS6nvjYTOfAP.html
"Alia Bhatt, Ranbir Kapoor’s wedding invitation image is going viral. It’s fake",https://www.hindustantimes.com/it-s-viral/invitation-card-announcing-ranbir-kapoor-s-wedding-with-alia-bhatt-is-fake/story-wPKBKveReNz3m5By4wGyxH.html
"Spiderman ‘villain’ turns hero, rescues dog from busy NYC traffic",https://www.hindustantimes.com/it-s-viral/spiderman-villain-turns-hero-rescues-dog-from-busy-nyc-traffic/story-KiBRX2TP7vp9ydIbN2s2yN.html
"‘Who is Jeff Bezos,’ clueless student asks as Amazon CEO stands in front of him",https://www.hindustantimes.com/it-s-viral/who-is-jeff-bezos-clueless-student-asks-as-amazon-ceo-stands-in-front-of-him/story-yeDQZ5fXWpi74mqxi0Po9N.html
Ravi Shastri’s napping pic is Twitter’s favourite new meme. People get hilariously creative,https://www.hindustantimes.com/it-s-viral/ravi-shastri-s-napping-pic-is-twitter-s-favourite-new-meme-people-get-hilariously-creative/story-EFuSt4kVDaoQQ0xqMKeptK.html
"Plane ‘hijacking’ video scares people, later turns out to be a drill. Twitter angry",https://www.hindustantimes.com/it-s-viral/plane-hijacking-video-scares-people-later-turns-out-to-be-a-drill-twitter-angry/story-0zjbd5BdEUVh16fTMWp0SN.html
Diwali 2019: #PottersKiDiwali trends this festive season. Twitterati praises the initiative,https://www.hindustantimes.com/it-s-viral/diwali-2019-potterskidiwali-trends-this-festive-season-twitterati-praises-the-initiative/story-8x0aTXlysD8tfVPtiw0QtK.html
"Lady Gaga posts Sanskrit mantra, Twitter in tizzy. Here’s what it means",https://www.hindustantimes.com/it-s-viral/lady-gaga-posts-sanskrit-mantra-twitter-in-tizzy-here-s-what-it-means/story-YhroJZhDIl2Yjbu3SQrmKP.html
Assembly elections 2019: 102-year-old great-grandfather votes with 270-member family in Pune,https://www.hindustantimes.com/it-s-viral/assembly-elections-2019-102-year-old-great-grandfather-votes-with-270-member-family-in-pune/story-yE0jB6QihKbiVFMb8YiCbL.html
Coral snake stung by bee while devouring another snake. Video’s stuff of nightmares,https://www.hindustantimes.com/lifestyle/coral-snake-stung-by-bee-while-devouring-another-snake-video-s-stuff-of-nightmares/story-qiXS2HmbnZjRY9LuJGJWtO.html
"Mom freaks out after sighting ‘ghost baby’, Turns out to be a funny mistake",https://www.hindustantimes.com/it-s-viral/mom-freaks-out-after-sighting-ghost-baby-turns-out-to-be-a-funny-mistake/story-cfFTHX4SFgeTnWytvskEuL.html
Fire burns inside tree. Video captures stunning incident,https://www.hindustantimes.com/it-s-viral/fire-burns-inside-tree-video-captures-stunning-incident/story-0TtSSLSBF6pdfm7ISTxRRJ.html
Virat Kohli’s funny reaction shared by BCCI invites ‘Gully Boy’ rap on Twitter. There’s more,https://www.hindustantimes.com/it-s-viral/virat-kohli-s-funny-reaction-shared-by-bcci-invites-gully-boy-rap-on-twitter-there-s-more/story-ohPsDEYy4B7515oDlxQHWO.html
"Go vegan or eat your pet, TV show ‘Meat the Family’ challenges people",https://www.hindustantimes.com/it-s-viral/go-vegan-or-eat-your-pet-tv-show-meat-the-family-challenges-people/story-ED5UBz0S3tYBUfvU1fx7AN.html
Sachin Tendulkar asks about Yuvraj Singh’s ‘kala chashma’ in throwback pic shared by Harbhajan Singh,https://www.hindustantimes.com/it-s-viral/sachin-tendulkar-asks-about-yuvraj-singh-s-kala-chashma-on-throwback-pic-shared-by-harbhajan-singh/story-KaJnX0Ex878t8LaLdHyqWO.html
"Dog ‘wears’ helmet on bike rides. ‘Delhi police ka khauf,’ says Twitter",https://www.hindustantimes.com/it-s-viral/dog-wears-helmet-on-bike-rides-delhi-police-ka-khauf-says-twitter/story-EPbCjqvKUKewukHbsa3IFK.html
"Boy catches ‘biggest fish ever,’ then does this. Video wins people’s hearts",https://www.hindustantimes.com/it-s-viral/boy-catches-biggest-fish-ever-then-does-this-video-wins-people-s-hearts/story-Lx9SevPvHL6cY7WGXBtUGM.html
"3-year-old falls from second floor, lands on moving rickshaw. Watch",https://www.hindustantimes.com/it-s-viral/3-year-old-kid-safe-after-falling-from-second-floor-on-moving-rickshaw-video-captured/story-TviK8XGBh2MPK9NMQwXdXP.html
Video of cockroach ‘smoking’ cigarette sparks Twitter chatter. Seen it yet?,https://www.hindustantimes.com/it-s-viral/video-of-cockroach-smoking-cigarette-sparks-twitter-chatter-seen-it-yet/story-9MADwyLEjr7lazF6RBvgJK.html
Man opens ‘Bigfoot’ museum. Claims the creatures are product of government experiment,https://www.hindustantimes.com/it-s-viral/man-opens-bigfoot-museum-claims-the-creatures-are-product-of-government-experiment/story-nN4UC9cblg6LkL3dwVqFTI.html
Woman gives up all 300 of her rats. Now they’re up for adoption. Watch,https://www.hindustantimes.com/it-s-viral/woman-gives-up-all-300-of-her-rats-now-they-re-up-for-adoption-watch/story-P71ynaHMVa2yvs22oe1OmN.html
"Player’s hijab opens during game, opponents shield her while she fixes it. Heartwarming video captured",https://www.hindustantimes.com/it-s-viral/player-s-hijab-opens-during-game-opponents-shield-her-while-she-fixes-it-heartwarming-video-captured/story-zBX6R0mriC266VTR0QUkBI.html
"Dog enters a supermarket, steals this and simply walks away. Watch",https://www.hindustantimes.com/it-s-viral/dog-enters-a-supermarket-steals-this-and-simply-walks-away-watch/story-zFpqVECvb27W2RnqSW8OgJ.html
"Anand Mahindra shares video of man playing the blues, wants to find him for this reason",https://www.hindustantimes.com/it-s-viral/anand-mahindra-shares-video-of-man-playing-the-blues-wants-to-find-him-for-this-reason/story-NW4IvXqv4Uj03Gn74bQNlO.html
"Hyena tries to attack leopard, the big cat avoids it with a dramatic leap. Watch",https://www.hindustantimes.com/it-s-viral/hyena-tries-to-attack-leopard-the-big-cat-avoids-it-with-a-dramatic-leap-watch/story-xiJcwtSreWvJ6EezdBf30I.html
"‘I like my body,’ says reporter to body-shamer. Her reply wins hearts",https://www.hindustantimes.com/it-s-viral/i-like-my-body-says-reporter-to-body-shamer-her-reply-wins-hearts/story-heFpGwshAow5U2yeRc1i5M.html
Firefighters let ‘very scared’ little girl paint their nails to calm her down,https://www.hindustantimes.com/it-s-viral/firefighters-let-very-scared-little-girl-paint-their-nails-to-calm-her-down/story-pwu03qGVBJfs7dScZV7YKI.html
"Man eats ‘world’s hottest pepper,’ reacts crazily. Watch",https://www.hindustantimes.com/it-s-viral/man-eats-world-s-hottest-pepper-reacts-crazily-watch-hilarious-video/story-RP02raB9UqHeOCTEpnnMFN.html
Karnataka college makes students wear cardboard boxes during exam. Twitter drops funny posts,https://www.hindustantimes.com/it-s-viral/karnataka-college-makes-student-wear-cardboard-boxes-during-exam-twitter-drops-funny-posts/story-XJPcpZK5DVMxXCGXvinr3K.html
School principal writes ‘official verification letter’ to Tooth Fairy. Here’s why,https://www.hindustantimes.com/it-s-viral/school-principal-writes-official-verification-letter-to-tooth-fairy-here-s-why/story-lArskH9MOSEYq7qhg7cBUN.html
Adorable otter’s anxious first swim makes people go aww. Watch,https://www.hindustantimes.com/it-s-viral/adorable-otter-s-anxious-first-swim-makes-people-go-aww-watch/story-drxNi4KRevKKd9LtjRPhTN.html
"Cops rescue kangaroo from lake, it jumps right back in. Watch funny video",https://www.hindustantimes.com/it-s-viral/cops-rescue-kangaroo-from-lake-it-jumps-right-back-in-watch-funny-video/story-Dl8xfSgmDBfTo14jm9pq0I.html
Cat literally out of the bag! Airport security puzzled as feline discovered in luggage,https://www.hindustantimes.com/it-s-viral/cat-literally-out-of-the-bag-airport-security-puzzled-as-feline-discovered-in-luggage/story-devCUUbMAOQoWPF3oruhnI.html
Woman piles on 2.5 kgs of clothes to avoid baggage fine. Pic goes viral,https://www.hindustantimes.com/it-s-viral/woman-piles-on-2-5-kgs-of-clothes-to-avoid-baggage-fine-pic-goes-viral/story-HTSx7KBks65PBZcmCztujK.html
"Student drops out of university, walks over 800 kms. Here’s why",https://www.hindustantimes.com/it-s-viral/student-drops-out-of-university-walks-over-800-kms-here-s-why/story-jA4Ma4hT80diwGDAw0FJOP.html
11-year-old melody queen charms strangers on the street with bewitching tunes,https://www.hindustantimes.com/it-s-viral/11-year-old-melody-queen-charms-strangers-on-the-street-with-bewitching-tunes/story-HLnA8MibBIwtIMDmPQTsGN.html
"Man swims with alligator to tire it out, catches it with bare hands. See pics",https://www.hindustantimes.com/it-s-viral/man-swims-with-alligator-to-tire-it-out-catches-it-with-bare-hands-see-pics/story-5Czsbkl33ZepdkcjrQ4tvI.html
Hyderabad rolls out edible ‘Eat Cup.’ Twitter has thoughts,https://www.hindustantimes.com/it-s-viral/hyderabad-rolls-out-edible-eat-cup-twitter-has-thoughts/story-33EDXLAfaUEKsC9OB4T2xJ.html
"Heartbreaking pic shows boy, 5, eating off cardboard box. People offer help",https://www.hindustantimes.com/it-s-viral/heartbreaking-pic-shows-boy-5-eating-off-cardboard-box-people-offer-help/story-vnQAl5qpmySTD37AxMcmQP.html
"No, RBI didn’t introduce new Rs 1,000 note. The claim is fake",https://www.hindustantimes.com/it-s-viral/no-rbi-didn-t-introduce-new-rs-1-000-note-the-claim-is-fake/story-BuJRX5CR0BP1O6qOYDG6vO.html
"Quick reflex from train crew saves elephant, humanity triumphs. Watch",https://www.hindustantimes.com/it-s-viral/quick-reflex-from-train-crew-saves-elephant-humanity-triumphs-watch/story-3YJVWBpGkptQGrd8v4biqI.html
"Villagers thought it’s a crocodile, it turned out to be this rare animal",https://www.hindustantimes.com/it-s-viral/villagers-thought-it-s-a-crocodile-it-turned-out-to-be-this-rare-animal/story-DTsGLaUI3DOQhqQOMeZqMK.html
Fish species in Amazon wears natural ‘bulletproof vest’ to thwart piranhas,https://www.hindustantimes.com/it-s-viral/fish-species-in-amazon-wears-natural-bulletproof-vest-to-thwart-piranhas/story-XRamOIZygBDMouyf20sFbL.html
13 parakeets were produced before a court in Delhi. Here’s why,https://www.hindustantimes.com/it-s-viral/13-parrots-were-produced-before-a-court-in-delhi-here-s-why/story-JN3TjVKxVhS98ueIfeyWBL.html
